<?xml version = '1.0' encoding = 'UTF-8'?>
<Relation class="oracle.dbtools.crest.model.design.logical.Relation" name="relacao_conta_bancaria_serv_unico" directorySegmentName="seg_0" id="811B4AD5-D82A-B9E8-C0B1-29AEFA24C326">
<createdBy>Caio Bianchi</createdBy>
<createdTime>2024-05-20 14:41:26 UTC</createdTime>
<ownerDesignName>Modelo Lógico</ownerDesignName>
<engineerTo>
<item key="D8E74339-FA03-DF7E-47FA-4531E88D0881" value="true"/>
</engineerTo>
<sourcePk>3098D557-3F61-067D-756B-EA453117E556</sourcePk>
<identifying>false</identifying>
<optionalSource>true</optionalSource>
<optionalTarget>false</optionalTarget>
<sourceCardinality>1</sourceCardinality>
<sourceEntity>18AECE03-CACD-1393-6E54-3E48B1693894</sourceEntity>
<targetCardinalityString>1</targetCardinalityString>
<targetEntity>1501ACD2-B8A8-BED0-14FA-E7D1E734F51A</targetEntity>
<transferable>true</transferable>
<deleteRule>NO ACTION</deleteRule>
</Relation>