<?xml version = '1.0' encoding = 'UTF-8'?>
<Relation class="oracle.dbtools.crest.model.design.logical.Relation" name="relacao_usuario_investimento" directorySegmentName="seg_0" id="C0EB2687-1B8F-2B8B-43CB-B0BD99CC50C3">
<createdBy>Caio Bianchi</createdBy>
<createdTime>2024-05-21 20:16:17 UTC</createdTime>
<ownerDesignName>Modelo Lógico</ownerDesignName>
<engineerTo>
<item key="D8E74339-FA03-DF7E-47FA-4531E88D0881" value="true"/>
</engineerTo>
<sourcePk>5B7B5F40-F7F3-2653-E050-2520D908A6D7</sourcePk>
<identifying>false</identifying>
<optionalSource>true</optionalSource>
<optionalTarget>false</optionalTarget>
<sourceCardinality>1</sourceCardinality>
<sourceEntity>D6FBE262-6577-8D8A-BD39-3E982C2C353D</sourceEntity>
<targetCardinalityString>*</targetCardinalityString>
<targetEntity>3D080359-AACB-EAB5-DD25-C9AECBE1510D</targetEntity>
<transferable>true</transferable>
<deleteRule>NO ACTION</deleteRule>
</Relation>