<?xml version = '1.0' encoding = 'UTF-8'?>
<Relation class="oracle.dbtools.crest.model.design.logical.Relation" name="relacao_usuario_serv_unico" directorySegmentName="seg_0" id="EA9361FE-FDCB-D8F0-1BF9-643CBB4B7FEE">
<createdBy>Caio Bianchi</createdBy>
<createdTime>2024-05-20 14:30:00 UTC</createdTime>
<ownerDesignName>Modelo Lógico</ownerDesignName>
<engineerTo>
<item key="D8E74339-FA03-DF7E-47FA-4531E88D0881" value="true"/>
</engineerTo>
<sourcePk>5B7B5F40-F7F3-2653-E050-2520D908A6D7</sourcePk>
<identifying>false</identifying>
<optionalSource>true</optionalSource>
<optionalTarget>false</optionalTarget>
<sourceCardinality>1</sourceCardinality>
<sourceEntity>D6FBE262-6577-8D8A-BD39-3E982C2C353D</sourceEntity>
<targetCardinalityString>*</targetCardinalityString>
<targetEntity>1501ACD2-B8A8-BED0-14FA-E7D1E734F51A</targetEntity>
<transferable>true</transferable>
<deleteRule>NO ACTION</deleteRule>
</Relation>