<?xml version = '1.0' encoding = 'UTF-8'?>
<Relation class="oracle.dbtools.crest.model.design.logical.Relation" name="relacao_usuario_objetivo" directorySegmentName="seg_0" id="FE954E7A-D564-A27A-5155-819D9AFF125D">
<createdBy>Caio Bianchi</createdBy>
<createdTime>2024-05-21 20:19:53 UTC</createdTime>
<ownerDesignName>Modelo Lógico</ownerDesignName>
<engineerTo>
<item key="D8E74339-FA03-DF7E-47FA-4531E88D0881" value="true"/>
</engineerTo>
<sourcePk>5B7B5F40-F7F3-2653-E050-2520D908A6D7</sourcePk>
<identifying>false</identifying>
<optionalSource>true</optionalSource>
<optionalTarget>false</optionalTarget>
<sourceCardinality>1</sourceCardinality>
<sourceEntity>D6FBE262-6577-8D8A-BD39-3E982C2C353D</sourceEntity>
<targetCardinalityString>*</targetCardinalityString>
<targetEntity>BF11C2F8-EF41-954B-89F9-191C57280CCC</targetEntity>
<transferable>true</transferable>
<deleteRule>NO ACTION</deleteRule>
</Relation>