<?xml version = '1.0' encoding = 'UTF-8'?>
<FKIndexAssociation class="oracle.dbtools.crest.model.design.relational.FKIndexAssociation" directorySegmentName="seg_0" id="0A135BB7-E036-7D8B-444D-92ACE5A79808" containerWithKeyObject="6BC2530A-AB3D-53B7-ACC9-714A73A53490" localFKIndex="5D2E1528-06EA-E0E6-5396-AE178CE976A3" name="FK_SERV_RECORRENTE_USUARIO">
<createdBy>Caio Bianchi</createdBy>
<createdTime>2024-05-22 13:21:01 UTC</createdTime>
<generatorID>7601F347-3124-C97A-AE6F-60FDADC2E197</generatorID>
<ownerDesignName>modelo_fase4-cap7</ownerDesignName>
<referredTableLongName>T_USUARIO</referredTableLongName>
<deleteRule>NO ACTION</deleteRule>
<referredTableID>BE465243-B3B7-CD29-3D41-4FE8AAC80F0B</referredTableID>
<keyObject>B1847E9D-FAC6-F10F-8B7C-34A709C9E753</keyObject>
<referredKeyID>B1847E9D-FAC6-F10F-8B7C-34A709C9E753</referredKeyID>
<mandatory>true</mandatory>
<refColNames>id_usuario</refColNames>
<transferable>true</transferable>
<rely>false</rely>
<columnDependencyConstraintGenerateInDDL>true</columnDependencyConstraintGenerateInDDL>
</FKIndexAssociation>