<?xml version = '1.0' encoding = 'UTF-8'?>
<FKIndexAssociation class="oracle.dbtools.crest.model.design.relational.FKIndexAssociation" directorySegmentName="seg_0" id="3143D7BF-332F-C537-6DC9-3CF5246F58A3" containerWithKeyObject="43892F41-1DFD-5731-1EF9-1945DB444D88" localFKIndex="9C5736C0-9039-9E24-0526-FD67AB570781" name="FK_BANCO_CONTA_BANCO">
<createdBy>Caio Bianchi</createdBy>
<createdTime>2024-05-22 13:21:01 UTC</createdTime>
<generatorID>E9D5C0C0-9D40-3D0B-D5AF-687C58C02756</generatorID>
<ownerDesignName>modelo_fase4-cap7</ownerDesignName>
<referredTableLongName>T_BANCO</referredTableLongName>
<deleteRule>NO ACTION</deleteRule>
<referredTableID>2648DAAF-1F2E-5A6A-1F11-8998C8F0190F</referredTableID>
<keyObject>4848DC93-A9EB-AF7E-6691-213865C82CC5</keyObject>
<referredKeyID>4848DC93-A9EB-AF7E-6691-213865C82CC5</referredKeyID>
<mandatory>true</mandatory>
<refColNames>id_banco</refColNames>
<transferable>true</transferable>
<rely>false</rely>
<columnDependencyConstraintGenerateInDDL>true</columnDependencyConstraintGenerateInDDL>
</FKIndexAssociation>