<?xml version = '1.0' encoding = 'UTF-8'?>
<FKIndexAssociation class="oracle.dbtools.crest.model.design.relational.FKIndexAssociation" directorySegmentName="seg_0" id="5061B261-3606-7C6C-9B14-ECAB9966F3C0" containerWithKeyObject="6BC2530A-AB3D-53B7-ACC9-714A73A53490" localFKIndex="12F3D574-839A-B3EF-FF3D-C8E107D9389B" name="FK_SERV_RECORRENTE_CONTA">
<createdBy>Caio Bianchi</createdBy>
<createdTime>2024-05-22 13:21:01 UTC</createdTime>
<generatorID>B8146546-F7D0-7C1B-4167-8B01BF3FEEAC</generatorID>
<ownerDesignName>modelo_fase4-cap7</ownerDesignName>
<referredTableLongName>T_CONTA_BANCARIA</referredTableLongName>
<deleteRule>NO ACTION</deleteRule>
<referredTableID>BAABCEA3-0744-6987-B412-69C50BFEA71F</referredTableID>
<keyObject>35911043-8554-2A28-0DD4-4D05753CAD14</keyObject>
<referredKeyID>35911043-8554-2A28-0DD4-4D05753CAD14</referredKeyID>
<mandatory>true</mandatory>
<refColNames>id_conta_bancaria</refColNames>
<transferable>true</transferable>
<rely>false</rely>
<columnDependencyConstraintGenerateInDDL>true</columnDependencyConstraintGenerateInDDL>
</FKIndexAssociation>