<?xml version = '1.0' encoding = 'UTF-8'?>
<FKIndexAssociation class="oracle.dbtools.crest.model.design.relational.FKIndexAssociation" directorySegmentName="seg_0" id="770AD605-4C48-D984-D467-45086393CF78" containerWithKeyObject="EB1E6315-9CB2-925C-F134-544B1382B216" localFKIndex="E1B704A5-C286-ED7D-4CC9-E04D202D591D" name="FK_SERV_UNICO_CONTA">
<createdBy>Caio Bianchi</createdBy>
<createdTime>2024-05-22 13:21:01 UTC</createdTime>
<generatorID>811B4AD5-D82A-B9E8-C0B1-29AEFA24C326</generatorID>
<ownerDesignName>modelo_fase4-cap7</ownerDesignName>
<referredTableLongName>T_CONTA_BANCARIA</referredTableLongName>
<deleteRule>NO ACTION</deleteRule>
<referredTableID>BAABCEA3-0744-6987-B412-69C50BFEA71F</referredTableID>
<keyObject>35911043-8554-2A28-0DD4-4D05753CAD14</keyObject>
<referredKeyID>35911043-8554-2A28-0DD4-4D05753CAD14</referredKeyID>
<mandatory>true</mandatory>
<refColNames>id_conta_bancaria</refColNames>
<transferable>true</transferable>
<rely>false</rely>
<columnDependencyConstraintGenerateInDDL>true</columnDependencyConstraintGenerateInDDL>
</FKIndexAssociation>