<?xml version = '1.0' encoding = 'UTF-8'?>
<FKIndexAssociation class="oracle.dbtools.crest.model.design.relational.FKIndexAssociation" directorySegmentName="seg_0" id="9173A3FD-7652-4A5F-2C0B-E35E0E0A1C45" containerWithKeyObject="EB1E6315-9CB2-925C-F134-544B1382B216" localFKIndex="7675C900-307C-1153-8693-2C79D4EE4620" name="FK_SERV_UNICO_USUARIO">
<createdBy>Caio Bianchi</createdBy>
<createdTime>2024-05-22 13:21:01 UTC</createdTime>
<generatorID>EA9361FE-FDCB-D8F0-1BF9-643CBB4B7FEE</generatorID>
<ownerDesignName>modelo_fase4-cap7</ownerDesignName>
<referredTableLongName>T_USUARIO</referredTableLongName>
<deleteRule>NO ACTION</deleteRule>
<referredTableID>BE465243-B3B7-CD29-3D41-4FE8AAC80F0B</referredTableID>
<keyObject>B1847E9D-FAC6-F10F-8B7C-34A709C9E753</keyObject>
<referredKeyID>B1847E9D-FAC6-F10F-8B7C-34A709C9E753</referredKeyID>
<mandatory>true</mandatory>
<refColNames>id_usuario</refColNames>
<transferable>true</transferable>
<rely>false</rely>
<columnDependencyConstraintGenerateInDDL>true</columnDependencyConstraintGenerateInDDL>
</FKIndexAssociation>