<?xml version = '1.0' encoding = 'UTF-8'?>
<FKIndexAssociation class="oracle.dbtools.crest.model.design.relational.FKIndexAssociation" directorySegmentName="seg_0" id="947042E6-E048-30EF-089F-07E87EB29F0C" containerWithKeyObject="044083A4-AFDF-354B-BB8E-F19F15DD0365" localFKIndex="E672999B-808D-9CB0-9B4F-20487924074E" name="FK_OBJETIVOS_USUARIO">
<createdBy>Caio Bianchi</createdBy>
<createdTime>2024-05-22 13:21:01 UTC</createdTime>
<generatorID>FE954E7A-D564-A27A-5155-819D9AFF125D</generatorID>
<ownerDesignName>modelo_fase4-cap7</ownerDesignName>
<referredTableLongName>T_USUARIO</referredTableLongName>
<deleteRule>NO ACTION</deleteRule>
<referredTableID>BE465243-B3B7-CD29-3D41-4FE8AAC80F0B</referredTableID>
<keyObject>B1847E9D-FAC6-F10F-8B7C-34A709C9E753</keyObject>
<referredKeyID>B1847E9D-FAC6-F10F-8B7C-34A709C9E753</referredKeyID>
<mandatory>true</mandatory>
<refColNames>id_usuario</refColNames>
<transferable>true</transferable>
<rely>false</rely>
<columnDependencyConstraintGenerateInDDL>true</columnDependencyConstraintGenerateInDDL>
</FKIndexAssociation>