<?xml version = '1.0' encoding = 'UTF-8'?>
<relationalModel class="oracle.dbtools.crest.model.design.relational.RelationalDesign" name="Modelo Físico" id="D8E74339-FA03-DF7E-47FA-4531E88D0881" mainViewID="73F3A273-D7FE-67A3-9CCA-D07BB838F022">
<createdBy>Caio Bianchi</createdBy>
<createdTime>2024-05-20 13:40:13 UTC</createdTime>
<ownerDesignName>Modelo Lógico</ownerDesignName>
<shouldBeOpen>true</shouldBeOpen>
<selectedRDBMSSite>32076570-2523-435C-2E92-BF29817DFF70</selectedRDBMSSite>
</relationalModel>