<?xml version = '1.0' encoding = 'UTF-8'?>
<Entity class="oracle.dbtools.crest.model.design.logical.Entity" directorySegmentName="seg_0" id="1501ACD2-B8A8-BED0-14FA-E7D1E734F51A" name="T_SERV_UNICO">
<createdBy>Caio Bianchi</createdBy>
<createdTime>2024-05-20 13:57:44 UTC</createdTime>
<ownerDesignName>modelo_fase4-cap7</ownerDesignName>
<engineerTo>
<item key="D8E74339-FA03-DF7E-47FA-4531E88D0881" value="true"/>
</engineerTo>
<adequatelyNormalized>NO</adequatelyNormalized>
<expectedVolumes>0</expectedVolumes>
<fwdEngineeringStrategyName>Single Table</fwdEngineeringStrategyName>
<growthPercent>0</growthPercent>
<growthType>Year</growthType>
<maxVolumes>9999999</maxVolumes>
<minVolumes>0</minVolumes>
<normalForm>Third</normalForm>
<attributes itemClass="oracle.dbtools.crest.model.design.logical.Attribute">
<Attribute name="id_serv_unico" id="020A7696-0961-29C6-7FF5-66F9190611B7">
<createdBy>Caio Bianchi</createdBy>
<createdTime>2024-05-20 14:26:47 UTC</createdTime>
<ownerDesignName>modelo_fase4-cap7</ownerDesignName>
<engineerTo>
<item key="D8E74339-FA03-DF7E-47FA-4531E88D0881" value="true"/>
</engineerTo>
<useDomainConstraints>false</useDomainConstraints>
<use>1</use>
<logicalDatatype>LOGDT019</logicalDatatype>
<dataTypePrecision>8</dataTypePrecision>
<ownDataTypeParameters>,8,</ownDataTypeParameters>
</Attribute>
<Attribute name="id_usuario" id="E37C88AF-BCAF-234D-24BF-D45CF6F5B450">
<createdBy>Caio Bianchi</createdBy>
<createdTime>2024-05-20 14:30:00 UTC</createdTime>
<generatorID>EA9361FE-FDCB-D8F0-1BF9-643CBB4B7FEE</generatorID>
<ownerDesignName>modelo_fase4-cap7</ownerDesignName>
<engineerTo>
<item key="D8E74339-FA03-DF7E-47FA-4531E88D0881" value="true"/>
</engineerTo>
<referedAttribute>66224C2D-5595-FBC8-F5BB-3EC07E8BB916</referedAttribute>
<useDomainConstraints>false</useDomainConstraints>
<use>1</use>
<logicalDatatype>LOGDT019</logicalDatatype>
<dataTypePrecision>8</dataTypePrecision>
<ownDataTypeParameters>,8,</ownDataTypeParameters>
</Attribute>
<Attribute name="id_conta_bancaria" id="DB833EF0-8A4A-7860-B49A-B8EF1DB3E670">
<createdBy>Caio Bianchi</createdBy>
<createdTime>2024-05-20 14:41:26 UTC</createdTime>
<generatorID>811B4AD5-D82A-B9E8-C0B1-29AEFA24C326</generatorID>
<ownerDesignName>modelo_fase4-cap7</ownerDesignName>
<engineerTo>
<item key="D8E74339-FA03-DF7E-47FA-4531E88D0881" value="true"/>
</engineerTo>
<referedAttribute>A5CDE315-0833-90DE-7850-27C36A809836</referedAttribute>
<useDomainConstraints>false</useDomainConstraints>
<use>1</use>
<logicalDatatype>LOGDT024</logicalDatatype>
<dataTypeSize>8</dataTypeSize>
<ownDataTypeParameters>8,,</ownDataTypeParameters>
</Attribute>
<Attribute name="nm_servico" id="B93DFAA1-5692-02CA-8289-6693CA40A036">
<createdBy>Caio Bianchi</createdBy>
<createdTime>2024-05-20 14:27:03 UTC</createdTime>
<ownerDesignName>modelo_fase4-cap7</ownerDesignName>
<engineerTo>
<item key="D8E74339-FA03-DF7E-47FA-4531E88D0881" value="true"/>
</engineerTo>
<useDomainConstraints>false</useDomainConstraints>
<use>1</use>
<logicalDatatype>LOGDT024</logicalDatatype>
<dataTypeSize>30</dataTypeSize>
<ownDataTypeParameters>30,,</ownDataTypeParameters>
</Attribute>
<Attribute name="desc_servico" id="CE06396F-063D-0132-E65C-1E287599CB89">
<createdBy>Caio Bianchi</createdBy>
<createdTime>2024-05-20 14:27:35 UTC</createdTime>
<ownerDesignName>modelo_fase4-cap7</ownerDesignName>
<engineerTo>
<item key="D8E74339-FA03-DF7E-47FA-4531E88D0881" value="true"/>
</engineerTo>
<useDomainConstraints>false</useDomainConstraints>
<use>1</use>
<logicalDatatype>LOGDT024</logicalDatatype>
<dataTypeSize>150</dataTypeSize>
<ownDataTypeParameters>150,,</ownDataTypeParameters>
</Attribute>
<Attribute name="dt_registro_serv" id="180D1103-B83F-F997-631C-E027FBC33C42">
<createdBy>Caio Bianchi</createdBy>
<createdTime>2024-05-20 14:27:19 UTC</createdTime>
<ownerDesignName>modelo_fase4-cap7</ownerDesignName>
<engineerTo>
<item key="D8E74339-FA03-DF7E-47FA-4531E88D0881" value="true"/>
</engineerTo>
<useDomainConstraints>false</useDomainConstraints>
<use>1</use>
<logicalDatatype>LOGDT007</logicalDatatype>
<ownDataTypeParameters>,,</ownDataTypeParameters>
</Attribute>
<Attribute name="dt_operacao" id="73EAEA07-913C-03E6-5363-A6EC62416849">
<createdBy>Caio Bianchi</createdBy>
<createdTime>2024-05-20 13:58:18 UTC</createdTime>
<ownerDesignName>modelo_fase4-cap7</ownerDesignName>
<engineerTo>
<item key="D8E74339-FA03-DF7E-47FA-4531E88D0881" value="true"/>
</engineerTo>
<useDomainConstraints>false</useDomainConstraints>
<use>1</use>
<logicalDatatype>LOGDT007</logicalDatatype>
<ownDataTypeParameters>,,</ownDataTypeParameters>
</Attribute>
<Attribute name="valor_operacao" id="904F297E-7C3C-7F45-0F55-18CDD664DA5B">
<createdBy>Caio Bianchi</createdBy>
<createdTime>2024-05-20 13:58:25 UTC</createdTime>
<ownerDesignName>modelo_fase4-cap7</ownerDesignName>
<engineerTo>
<item key="D8E74339-FA03-DF7E-47FA-4531E88D0881" value="true"/>
</engineerTo>
<useDomainConstraints>false</useDomainConstraints>
<use>1</use>
<logicalDatatype>LOGDT021</logicalDatatype>
<dataTypePrecision>9</dataTypePrecision>
<dataTypeScale>2</dataTypeScale>
<ownDataTypeParameters>,9,2</ownDataTypeParameters>
</Attribute>
<Attribute name="a_pagar" id="1CB4F1A8-BEAE-B385-508A-C5F5A630E65E">
<createdBy>Caio Bianchi</createdBy>
<createdTime>2024-05-20 14:47:32 UTC</createdTime>
<ownerDesignName>modelo_fase4-cap7</ownerDesignName>
<engineerTo>
<item key="D8E74339-FA03-DF7E-47FA-4531E88D0881" value="true"/>
</engineerTo>
<useDomainConstraints>false</useDomainConstraints>
<use>1</use>
<logicalDatatype>LOGDT006</logicalDatatype>
<dataTypeSize>1</dataTypeSize>
<ownDataTypeParameters>1,,</ownDataTypeParameters>
</Attribute>
<Attribute name="a_receber" id="6B3D445C-079E-7995-1397-1F2FFBEDDCE2">
<createdBy>Caio Bianchi</createdBy>
<createdTime>2024-05-20 14:47:41 UTC</createdTime>
<ownerDesignName>modelo_fase4-cap7</ownerDesignName>
<engineerTo>
<item key="D8E74339-FA03-DF7E-47FA-4531E88D0881" value="true"/>
</engineerTo>
<useDomainConstraints>false</useDomainConstraints>
<use>1</use>
<logicalDatatype>LOGDT006</logicalDatatype>
<dataTypeSize>1</dataTypeSize>
<ownDataTypeParameters>1,,</ownDataTypeParameters>
</Attribute>
</attributes>
<identifiers itemClass="oracle.dbtools.crest.model.design.logical.CandidateKey">
<identifier id="531DD883-3504-B23E-CD35-25D34C787E8C" name="T_SERV_UNICO PK">
<createdBy>Caio Bianchi</createdBy>
<createdTime>2024-05-20 14:26:57 UTC</createdTime>
<ownerDesignName>modelo_fase4-cap7</ownerDesignName>
<shouldEngineer>false</shouldEngineer>
<engineerTo>
<item key="D8E74339-FA03-DF7E-47FA-4531E88D0881" value="false"/>
</engineerTo>
<pk>true</pk>
<usedAttributes>
<attributeRef>020A7696-0961-29C6-7FF5-66F9190611B7</attributeRef>
</usedAttributes>
</identifier>
</identifiers>
</Entity>