<?xml version = '1.0' encoding = 'UTF-8'?>
<Entity class="oracle.dbtools.crest.model.design.logical.Entity" directorySegmentName="seg_0" id="18AECE03-CACD-1393-6E54-3E48B1693894" name="T_CONTA_BANCARIA">
<createdBy>Caio Bianchi</createdBy>
<createdTime>2024-05-20 13:48:18 UTC</createdTime>
<ownerDesignName>modelo_fase4-cap7</ownerDesignName>
<engineerTo>
<item key="D8E74339-FA03-DF7E-47FA-4531E88D0881" value="true"/>
</engineerTo>
<adequatelyNormalized>NO</adequatelyNormalized>
<expectedVolumes>0</expectedVolumes>
<fwdEngineeringStrategyName>Single Table</fwdEngineeringStrategyName>
<growthPercent>0</growthPercent>
<growthType>Year</growthType>
<maxVolumes>9999999</maxVolumes>
<minVolumes>0</minVolumes>
<normalForm>Third</normalForm>
<attributes itemClass="oracle.dbtools.crest.model.design.logical.Attribute">
<Attribute name="id_conta_bancaria" id="A5CDE315-0833-90DE-7850-27C36A809836">
<createdBy>Caio Bianchi</createdBy>
<createdTime>2024-05-20 13:48:31 UTC</createdTime>
<ownerDesignName>modelo_fase4-cap7</ownerDesignName>
<engineerTo>
<item key="D8E74339-FA03-DF7E-47FA-4531E88D0881" value="true"/>
</engineerTo>
<useDomainConstraints>false</useDomainConstraints>
<use>1</use>
<logicalDatatype>LOGDT024</logicalDatatype>
<dataTypeSize>8</dataTypeSize>
<ownDataTypeParameters>8,,</ownDataTypeParameters>
</Attribute>
<Attribute name="id_usuario" id="5A4ABFB4-E813-34DD-B6B4-870E71A848CF">
<createdBy>Caio Bianchi</createdBy>
<createdTime>2024-05-20 14:45:25 UTC</createdTime>
<generatorID>0D8D004B-1ADB-D6C6-4C8B-6CC19E6806AC</generatorID>
<ownerDesignName>modelo_fase4-cap7</ownerDesignName>
<engineerTo>
<item key="D8E74339-FA03-DF7E-47FA-4531E88D0881" value="true"/>
</engineerTo>
<referedAttribute>66224C2D-5595-FBC8-F5BB-3EC07E8BB916</referedAttribute>
<useDomainConstraints>false</useDomainConstraints>
<use>1</use>
<logicalDatatype>LOGDT019</logicalDatatype>
<dataTypePrecision>8</dataTypePrecision>
<ownDataTypeParameters>,8,</ownDataTypeParameters>
</Attribute>
<Attribute name="tipo_conta" id="FE573689-BAF8-C823-7AF3-E99A66F31DEE">
<createdBy>Caio Bianchi</createdBy>
<createdTime>2024-05-20 14:03:15 UTC</createdTime>
<ownerDesignName>modelo_fase4-cap7</ownerDesignName>
<engineerTo>
<item key="D8E74339-FA03-DF7E-47FA-4531E88D0881" value="true"/>
</engineerTo>
<useDomainConstraints>false</useDomainConstraints>
<use>1</use>
<logicalDatatype>LOGDT025</logicalDatatype>
<dataTypeSize>15</dataTypeSize>
<ownDataTypeParameters>15,,</ownDataTypeParameters>
</Attribute>
<Attribute name="agencia" id="3FEFF5E2-F2A0-8C34-15DB-6D13AFE2702B">
<createdBy>Caio Bianchi</createdBy>
<createdTime>2024-05-20 13:49:28 UTC</createdTime>
<ownerDesignName>modelo_fase4-cap7</ownerDesignName>
<engineerTo>
<item key="D8E74339-FA03-DF7E-47FA-4531E88D0881" value="true"/>
</engineerTo>
<useDomainConstraints>false</useDomainConstraints>
<use>1</use>
<logicalDatatype>LOGDT019</logicalDatatype>
<dataTypePrecision>4</dataTypePrecision>
<ownDataTypeParameters>,4,</ownDataTypeParameters>
</Attribute>
<Attribute name="cd_verificacao_agencia" id="F42D1FC8-29B6-0E4C-4B08-76A2BFDB07FD">
<createdBy>Caio Bianchi</createdBy>
<createdTime>2024-05-20 13:49:44 UTC</createdTime>
<ownerDesignName>modelo_fase4-cap7</ownerDesignName>
<engineerTo>
<item key="D8E74339-FA03-DF7E-47FA-4531E88D0881" value="true"/>
</engineerTo>
<useDomainConstraints>false</useDomainConstraints>
<use>1</use>
<logicalDatatype>LOGDT019</logicalDatatype>
<dataTypePrecision>1</dataTypePrecision>
<ownDataTypeParameters>,1,</ownDataTypeParameters>
</Attribute>
<Attribute name="nr_conta_bancaria" id="2C245ED7-E7D7-69E5-1EE6-4D20F5229446">
<createdBy>Caio Bianchi</createdBy>
<createdTime>2024-05-20 13:50:16 UTC</createdTime>
<ownerDesignName>modelo_fase4-cap7</ownerDesignName>
<engineerTo>
<item key="D8E74339-FA03-DF7E-47FA-4531E88D0881" value="true"/>
</engineerTo>
<useDomainConstraints>false</useDomainConstraints>
<use>1</use>
<logicalDatatype>LOGDT019</logicalDatatype>
<dataTypePrecision>12</dataTypePrecision>
<ownDataTypeParameters>,12,</ownDataTypeParameters>
</Attribute>
<Attribute name="cd_verificacao_conta" id="5EE3EAFE-3FDC-FE05-D8FF-C2870C8F34AF">
<createdBy>Caio Bianchi</createdBy>
<createdTime>2024-05-20 13:50:50 UTC</createdTime>
<ownerDesignName>modelo_fase4-cap7</ownerDesignName>
<engineerTo>
<item key="D8E74339-FA03-DF7E-47FA-4531E88D0881" value="true"/>
</engineerTo>
<useDomainConstraints>false</useDomainConstraints>
<use>1</use>
<logicalDatatype>LOGDT019</logicalDatatype>
<dataTypePrecision>2</dataTypePrecision>
<ownDataTypeParameters>,2,</ownDataTypeParameters>
</Attribute>
</attributes>
<identifiers itemClass="oracle.dbtools.crest.model.design.logical.CandidateKey">
<identifier id="3098D557-3F61-067D-756B-EA453117E556" name="T_CONTA_BANCARIA PK">
<createdBy>Caio Bianchi</createdBy>
<createdTime>2024-05-20 13:48:45 UTC</createdTime>
<ownerDesignName>modelo_fase4-cap7</ownerDesignName>
<shouldEngineer>false</shouldEngineer>
<engineerTo>
<item key="D8E74339-FA03-DF7E-47FA-4531E88D0881" value="false"/>
</engineerTo>
<pk>true</pk>
<usedAttributes>
<attributeRef>A5CDE315-0833-90DE-7850-27C36A809836</attributeRef>
</usedAttributes>
</identifier>
</identifiers>
</Entity>