<?xml version = '1.0' encoding = 'UTF-8'?>
<Table class="oracle.dbtools.crest.model.design.relational.Table" directorySegmentName="seg_0" id="6BC2530A-AB3D-53B7-ACC9-714A73A53490" name="T_SERV_RECORRENTE">
<createdBy>Caio Bianchi</createdBy>
<createdTime>2024-05-22 13:21:01 UTC</createdTime>
<generatorID>E7B2BD99-50BD-A684-74E5-F73F9C355434</generatorID>
<ownerDesignName>modelo_fase4-cap7</ownerDesignName>
<allowColumnReorder>false</allowColumnReorder>
<existDependencyGenerateInDDl>true</existDependencyGenerateInDDl>
<parsed>true</parsed>
<columns itemClass="oracle.dbtools.crest.model.design.relational.Column">
<Column name="id_serv_recorrente" id="CDDFA3E0-FB39-7398-5083-E57AC271E9CC">
<createdBy>Caio Bianchi</createdBy>
<createdTime>2024-05-22 13:21:01 UTC</createdTime>
<generatorID>F443A1E5-2A89-417E-C10B-2696BFA0A093</generatorID>
<ownerDesignName>modelo_fase4-cap7</ownerDesignName>
<useDomainConstraints>false</useDomainConstraints>
<use>1</use>
<logicalDatatype>LOGDT019</logicalDatatype>
<dataTypePrecision>8</dataTypePrecision>
<ownDataTypeParameters>,8,</ownDataTypeParameters>
<autoIncrementCycle>false</autoIncrementCycle>
</Column>
<Column name="id_usuario" id="A30D7546-DAD0-72FC-C851-15B4D2473E9B">
<createdBy>Caio Bianchi</createdBy>
<createdTime>2024-05-22 13:21:01 UTC</createdTime>
<generatorID>5A8BE27C-7851-E173-8F1F-B0026CC22770</generatorID>
<ownerDesignName>modelo_fase4-cap7</ownerDesignName>
<useDomainConstraints>false</useDomainConstraints>
<use>1</use>
<logicalDatatype>LOGDT019</logicalDatatype>
<dataTypePrecision>8</dataTypePrecision>
<ownDataTypeParameters>,,</ownDataTypeParameters>
<previousColumn>false</previousColumn>
<autoIncrementCycle>false</autoIncrementCycle>
<associations>
<colAssociation fkAssociation="0A135BB7-E036-7D8B-444D-92ACE5A79808" referredColumn="7C50D272-4C7B-33C9-83E1-B26D9FBD2ABE"/>
</associations>
</Column>
<Column name="id_conta_bancaria" id="08FD4D0F-6B5F-EF3B-C471-E47910457F43">
<createdBy>Caio Bianchi</createdBy>
<createdTime>2024-05-22 13:21:01 UTC</createdTime>
<generatorID>F34EC280-1929-BE61-B633-10FB76E3C3D8</generatorID>
<ownerDesignName>modelo_fase4-cap7</ownerDesignName>
<useDomainConstraints>false</useDomainConstraints>
<use>1</use>
<logicalDatatype>LOGDT024</logicalDatatype>
<dataTypeSize>8</dataTypeSize>
<ownDataTypeParameters>,,</ownDataTypeParameters>
<previousColumn>false</previousColumn>
<autoIncrementCycle>false</autoIncrementCycle>
<associations>
<colAssociation fkAssociation="5061B261-3606-7C6C-9B14-ECAB9966F3C0" referredColumn="18A7340C-DDCE-2136-7F71-89E7CD716816"/>
</associations>
</Column>
<Column name="nm_servico" id="C64EF6B3-BC5D-E7A3-A604-2236BC691468">
<createdBy>Caio Bianchi</createdBy>
<createdTime>2024-05-22 13:21:01 UTC</createdTime>
<generatorID>79455F52-4A21-D6C7-7342-56C8CF6AB1FC</generatorID>
<ownerDesignName>modelo_fase4-cap7</ownerDesignName>
<useDomainConstraints>false</useDomainConstraints>
<use>1</use>
<logicalDatatype>LOGDT024</logicalDatatype>
<dataTypeSize>30</dataTypeSize>
<ownDataTypeParameters>30,,</ownDataTypeParameters>
<autoIncrementCycle>false</autoIncrementCycle>
</Column>
<Column name="desc_servico" id="89F58807-5385-A790-6BDB-74E3DF7D2E58">
<createdBy>Caio Bianchi</createdBy>
<createdTime>2024-05-22 13:21:01 UTC</createdTime>
<generatorID>1DA2E141-8EF3-C252-50F3-E671E14D12A8</generatorID>
<ownerDesignName>modelo_fase4-cap7</ownerDesignName>
<useDomainConstraints>false</useDomainConstraints>
<use>1</use>
<logicalDatatype>LOGDT024</logicalDatatype>
<dataTypeSize>150</dataTypeSize>
<ownDataTypeParameters>150,,</ownDataTypeParameters>
<autoIncrementCycle>false</autoIncrementCycle>
</Column>
<Column name="dt_registro_serv" id="1703BC2E-EDFF-D55D-A434-D4D0453D39EF">
<createdBy>Caio Bianchi</createdBy>
<createdTime>2024-05-22 13:21:01 UTC</createdTime>
<generatorID>D6237DA8-6923-2CD1-53F2-F53BE1FBBAA6</generatorID>
<ownerDesignName>modelo_fase4-cap7</ownerDesignName>
<useDomainConstraints>false</useDomainConstraints>
<use>1</use>
<logicalDatatype>LOGDT007</logicalDatatype>
<ownDataTypeParameters>,,</ownDataTypeParameters>
<autoIncrementCycle>false</autoIncrementCycle>
</Column>
<Column name="dt_limite" id="3075AA8C-EF79-4B97-FD68-A89291E26E86">
<createdBy>Caio Bianchi</createdBy>
<createdTime>2024-05-22 13:21:01 UTC</createdTime>
<generatorID>C04BE541-B9B3-DA62-6F61-E13E03C501B0</generatorID>
<ownerDesignName>modelo_fase4-cap7</ownerDesignName>
<useDomainConstraints>false</useDomainConstraints>
<use>1</use>
<logicalDatatype>LOGDT007</logicalDatatype>
<ownDataTypeParameters>,,</ownDataTypeParameters>
<autoIncrementCycle>false</autoIncrementCycle>
</Column>
<Column name="frequencia" id="F7C88AE6-C293-6F4C-E1B4-4F93D7FFFD69">
<createdBy>Caio Bianchi</createdBy>
<createdTime>2024-05-22 13:21:01 UTC</createdTime>
<generatorID>187FA1E1-8C93-F877-B3F2-7FD9A7930A83</generatorID>
<ownerDesignName>modelo_fase4-cap7</ownerDesignName>
<useDomainConstraints>false</useDomainConstraints>
<use>1</use>
<logicalDatatype>LOGDT025</logicalDatatype>
<dataTypeSize>15</dataTypeSize>
<ownDataTypeParameters>15,,</ownDataTypeParameters>
<autoIncrementCycle>false</autoIncrementCycle>
</Column>
<Column name="valor_operacao" id="8D12BBFB-0EF6-6710-AB2D-D84D625CE45D">
<createdBy>Caio Bianchi</createdBy>
<createdTime>2024-05-22 13:21:01 UTC</createdTime>
<generatorID>CFF7D914-6067-47BA-2AD4-F0969EE1D147</generatorID>
<ownerDesignName>modelo_fase4-cap7</ownerDesignName>
<useDomainConstraints>false</useDomainConstraints>
<use>1</use>
<logicalDatatype>LOGDT021</logicalDatatype>
<dataTypePrecision>9</dataTypePrecision>
<dataTypeScale>2</dataTypeScale>
<ownDataTypeParameters>,9,2</ownDataTypeParameters>
<autoIncrementCycle>false</autoIncrementCycle>
</Column>
<Column name="operacao_efetuada" id="3FB4D94E-15C8-D597-5359-4E8F85018E9E">
<createdBy>Caio Bianchi</createdBy>
<createdTime>2024-05-22 13:21:01 UTC</createdTime>
<generatorID>523C140F-20ED-853D-76F3-39043333697F</generatorID>
<ownerDesignName>modelo_fase4-cap7</ownerDesignName>
<useDomainConstraints>false</useDomainConstraints>
<use>1</use>
<logicalDatatype>LOGDT006</logicalDatatype>
<dataTypeSize>1</dataTypeSize>
<ownDataTypeParameters>1,,</ownDataTypeParameters>
<autoIncrementCycle>false</autoIncrementCycle>
</Column>
<Column name="a_pagar" id="06FAB624-0055-333D-E85A-DB243B498337">
<createdBy>Caio Bianchi</createdBy>
<createdTime>2024-05-22 13:21:01 UTC</createdTime>
<generatorID>7AEAB9CB-B5B3-5B1F-E6C2-3DEF72F54A21</generatorID>
<ownerDesignName>modelo_fase4-cap7</ownerDesignName>
<useDomainConstraints>false</useDomainConstraints>
<use>1</use>
<logicalDatatype>LOGDT006</logicalDatatype>
<dataTypeSize>1</dataTypeSize>
<ownDataTypeParameters>1,,</ownDataTypeParameters>
<autoIncrementCycle>false</autoIncrementCycle>
</Column>
<Column name="a_receber" id="0EFD2900-7B30-7B74-DA07-111485787C25">
<createdBy>Caio Bianchi</createdBy>
<createdTime>2024-05-22 13:21:01 UTC</createdTime>
<generatorID>4650C72C-BF5C-69FF-0D98-748AF52774C9</generatorID>
<ownerDesignName>modelo_fase4-cap7</ownerDesignName>
<useDomainConstraints>false</useDomainConstraints>
<use>1</use>
<logicalDatatype>LOGDT006</logicalDatatype>
<dataTypeSize>1</dataTypeSize>
<ownDataTypeParameters>1,,</ownDataTypeParameters>
<autoIncrementCycle>false</autoIncrementCycle>
</Column>
</columns>
<indexes itemClass="oracle.dbtools.crest.model.design.relational.Index">
<ind_PK_UK id="2D7D1CE4-D590-2B16-1BA5-50A58B443222" name="PK_SERV_RECORRENTE">
<createdBy>Caio Bianchi</createdBy>
<createdTime>2024-05-22 13:21:01 UTC</createdTime>
<generatorID>0A691F0E-5A6D-ABDB-379F-AAB08A287350</generatorID>
<ownerDesignName>modelo_fase4-cap7</ownerDesignName>
<pk>true</pk>
<indexState>Primary Constraint</indexState>
<isSurrogateKey>false</isSurrogateKey>
<indexColumnUsage>
<colUsage columnID="CDDFA3E0-FB39-7398-5083-E57AC271E9CC"/>
</indexColumnUsage>
</ind_PK_UK>
<ind_PK_UK id="D3A539BD-35C6-7F28-7E56-56DFE83DE0CF" name="ID_SERV_RECORRENTE_CONTA">
<createdBy>Caio Bianchi</createdBy>
<createdTime>2024-05-22 13:21:01 UTC</createdTime>
<ownerDesignName>modelo_fase4-cap7</ownerDesignName>
<indexState>Unique Plain Index</indexState>
<isSurrogateKey>false</isSurrogateKey>
<relationGeneratorID>B8146546-F7D0-7C1B-4167-8B01BF3FEEAC</relationGeneratorID>
<indexColumnUsage>
<colUsage columnID="08FD4D0F-6B5F-EF3B-C471-E47910457F43"/>
</indexColumnUsage>
</ind_PK_UK>
<ind_PK_UK id="52A78F2D-01CF-CABA-CB38-7C2EA7EA9D5D" name="ID_SERV_RECORRENTE_USUARIO">
<createdBy>Caio Bianchi</createdBy>
<createdTime>2024-05-22 13:21:01 UTC</createdTime>
<ownerDesignName>modelo_fase4-cap7</ownerDesignName>
<indexState>Unique Plain Index</indexState>
<isSurrogateKey>false</isSurrogateKey>
<relationGeneratorID>7601F347-3124-C97A-AE6F-60FDADC2E197</relationGeneratorID>
<indexColumnUsage>
<colUsage columnID="A30D7546-DAD0-72FC-C851-15B4D2473E9B"/>
</indexColumnUsage>
</ind_PK_UK>
<ind_PK_UK id="12F3D574-839A-B3EF-FF3D-C8E107D9389B" name="FK_SERV_RECORRENTE_CONTA">
<createdBy>Caio Bianchi</createdBy>
<createdTime>2024-05-22 13:21:01 UTC</createdTime>
<generatorID>B8146546-F7D0-7C1B-4167-8B01BF3FEEAC</generatorID>
<ownerDesignName>modelo_fase4-cap7</ownerDesignName>
<indexState>Foreign Key</indexState>
<isSurrogateKey>false</isSurrogateKey>
<indexColumnUsage>
<colUsage columnID="08FD4D0F-6B5F-EF3B-C471-E47910457F43"/>
</indexColumnUsage>
</ind_PK_UK>
<ind_PK_UK id="5D2E1528-06EA-E0E6-5396-AE178CE976A3" name="FK_SERV_RECORRENTE_USUARIO">
<createdBy>Caio Bianchi</createdBy>
<createdTime>2024-05-22 13:21:01 UTC</createdTime>
<generatorID>7601F347-3124-C97A-AE6F-60FDADC2E197</generatorID>
<ownerDesignName>modelo_fase4-cap7</ownerDesignName>
<indexState>Foreign Key</indexState>
<isSurrogateKey>false</isSurrogateKey>
<indexColumnUsage>
<colUsage columnID="A30D7546-DAD0-72FC-C851-15B4D2473E9B"/>
</indexColumnUsage>
</ind_PK_UK>
</indexes>
</Table>