<?xml version = '1.0' encoding = 'UTF-8'?>
<Table class="oracle.dbtools.crest.model.design.relational.Table" directorySegmentName="seg_0" id="BAABCEA3-0744-6987-B412-69C50BFEA71F" name="T_CONTA_BANCARIA">
<createdBy>Caio Bianchi</createdBy>
<createdTime>2024-05-22 13:21:01 UTC</createdTime>
<generatorID>18AECE03-CACD-1393-6E54-3E48B1693894</generatorID>
<ownerDesignName>modelo_fase4-cap7</ownerDesignName>
<allowColumnReorder>false</allowColumnReorder>
<existDependencyGenerateInDDl>true</existDependencyGenerateInDDl>
<parsed>true</parsed>
<columns itemClass="oracle.dbtools.crest.model.design.relational.Column">
<Column name="id_conta_bancaria" id="18A7340C-DDCE-2136-7F71-89E7CD716816">
<createdBy>Caio Bianchi</createdBy>
<createdTime>2024-05-22 13:21:01 UTC</createdTime>
<generatorID>A5CDE315-0833-90DE-7850-27C36A809836</generatorID>
<ownerDesignName>modelo_fase4-cap7</ownerDesignName>
<useDomainConstraints>false</useDomainConstraints>
<use>1</use>
<logicalDatatype>LOGDT024</logicalDatatype>
<dataTypeSize>8</dataTypeSize>
<ownDataTypeParameters>8,,</ownDataTypeParameters>
<autoIncrementCycle>false</autoIncrementCycle>
</Column>
<Column name="id_usuario" id="A9CEC38C-DC8A-6EFD-87BA-BDF1B3044ED7">
<createdBy>Caio Bianchi</createdBy>
<createdTime>2024-05-22 13:21:01 UTC</createdTime>
<generatorID>5A4ABFB4-E813-34DD-B6B4-870E71A848CF</generatorID>
<ownerDesignName>modelo_fase4-cap7</ownerDesignName>
<useDomainConstraints>false</useDomainConstraints>
<use>1</use>
<logicalDatatype>LOGDT019</logicalDatatype>
<dataTypePrecision>8</dataTypePrecision>
<ownDataTypeParameters>,,</ownDataTypeParameters>
<previousColumn>false</previousColumn>
<autoIncrementCycle>false</autoIncrementCycle>
<associations>
<colAssociation fkAssociation="C6B7C1F5-E5FD-84C4-FE5A-D14D12D85D2D" referredColumn="7C50D272-4C7B-33C9-83E1-B26D9FBD2ABE"/>
</associations>
</Column>
<Column name="tipo_conta" id="D39E9726-4314-5E2E-B97B-EB18A189BD0E">
<createdBy>Caio Bianchi</createdBy>
<createdTime>2024-05-22 13:21:01 UTC</createdTime>
<generatorID>FE573689-BAF8-C823-7AF3-E99A66F31DEE</generatorID>
<ownerDesignName>modelo_fase4-cap7</ownerDesignName>
<useDomainConstraints>false</useDomainConstraints>
<use>1</use>
<logicalDatatype>LOGDT025</logicalDatatype>
<dataTypeSize>15</dataTypeSize>
<ownDataTypeParameters>15,,</ownDataTypeParameters>
<autoIncrementCycle>false</autoIncrementCycle>
</Column>
<Column name="agencia" id="FD5CA11C-8E4F-DA72-A291-2AAEE7A09A6B">
<createdBy>Caio Bianchi</createdBy>
<createdTime>2024-05-22 13:21:01 UTC</createdTime>
<generatorID>3FEFF5E2-F2A0-8C34-15DB-6D13AFE2702B</generatorID>
<ownerDesignName>modelo_fase4-cap7</ownerDesignName>
<useDomainConstraints>false</useDomainConstraints>
<use>1</use>
<logicalDatatype>LOGDT019</logicalDatatype>
<dataTypePrecision>4</dataTypePrecision>
<ownDataTypeParameters>,4,</ownDataTypeParameters>
<autoIncrementCycle>false</autoIncrementCycle>
</Column>
<Column name="cd_verificacao_agencia" id="325395DC-D8FD-FBF2-D20D-C8BCC7421EFE">
<createdBy>Caio Bianchi</createdBy>
<createdTime>2024-05-22 13:21:01 UTC</createdTime>
<generatorID>F42D1FC8-29B6-0E4C-4B08-76A2BFDB07FD</generatorID>
<ownerDesignName>modelo_fase4-cap7</ownerDesignName>
<useDomainConstraints>false</useDomainConstraints>
<use>1</use>
<logicalDatatype>LOGDT019</logicalDatatype>
<dataTypePrecision>1</dataTypePrecision>
<ownDataTypeParameters>,1,</ownDataTypeParameters>
<autoIncrementCycle>false</autoIncrementCycle>
</Column>
<Column name="nr_conta_bancaria" id="2EBB3CDE-3F95-D85A-1F53-48AD917E0CB8">
<createdBy>Caio Bianchi</createdBy>
<createdTime>2024-05-22 13:21:01 UTC</createdTime>
<generatorID>2C245ED7-E7D7-69E5-1EE6-4D20F5229446</generatorID>
<ownerDesignName>modelo_fase4-cap7</ownerDesignName>
<useDomainConstraints>false</useDomainConstraints>
<use>1</use>
<logicalDatatype>LOGDT019</logicalDatatype>
<dataTypePrecision>12</dataTypePrecision>
<ownDataTypeParameters>,12,</ownDataTypeParameters>
<autoIncrementCycle>false</autoIncrementCycle>
</Column>
<Column name="cd_verificacao_conta" id="F35408E6-1859-C98C-1D2D-3A7D19F82E86">
<createdBy>Caio Bianchi</createdBy>
<createdTime>2024-05-22 13:21:01 UTC</createdTime>
<generatorID>5EE3EAFE-3FDC-FE05-D8FF-C2870C8F34AF</generatorID>
<ownerDesignName>modelo_fase4-cap7</ownerDesignName>
<useDomainConstraints>false</useDomainConstraints>
<use>1</use>
<logicalDatatype>LOGDT019</logicalDatatype>
<dataTypePrecision>2</dataTypePrecision>
<ownDataTypeParameters>,2,</ownDataTypeParameters>
<autoIncrementCycle>false</autoIncrementCycle>
</Column>
</columns>
<indexes itemClass="oracle.dbtools.crest.model.design.relational.Index">
<ind_PK_UK id="35911043-8554-2A28-0DD4-4D05753CAD14" name="PK_CONTA_BANCARIA">
<createdBy>Caio Bianchi</createdBy>
<createdTime>2024-05-22 13:21:01 UTC</createdTime>
<generatorID>3098D557-3F61-067D-756B-EA453117E556</generatorID>
<ownerDesignName>modelo_fase4-cap7</ownerDesignName>
<pk>true</pk>
<indexState>Primary Constraint</indexState>
<isSurrogateKey>false</isSurrogateKey>
<indexColumnUsage>
<colUsage columnID="18A7340C-DDCE-2136-7F71-89E7CD716816"/>
</indexColumnUsage>
</ind_PK_UK>
<ind_PK_UK id="3BC52D57-EEBC-F985-0F4E-6DE02D845014" name="UN_CONTA_BANCARIA_NUMERO">
<createdBy>Caio Bianchi</createdBy>
<createdTime>2024-05-22 19:39:27 UTC</createdTime>
<ownerDesignName>modelo_fase4-cap7</ownerDesignName>
<indexState>Unique Constraint</indexState>
<isSurrogateKey>false</isSurrogateKey>
<indexColumnUsage>
<colUsage columnID="2EBB3CDE-3F95-D85A-1F53-48AD917E0CB8"/>
</indexColumnUsage>
</ind_PK_UK>
<ind_PK_UK id="D38E92D2-00C9-FE65-B514-A87549515BB6" name="FK_CONTA_BANCARIA_USUARIO">
<createdBy>Caio Bianchi</createdBy>
<createdTime>2024-05-22 13:21:01 UTC</createdTime>
<generatorID>0D8D004B-1ADB-D6C6-4C8B-6CC19E6806AC</generatorID>
<ownerDesignName>modelo_fase4-cap7</ownerDesignName>
<indexState>Foreign Key</indexState>
<isSurrogateKey>false</isSurrogateKey>
<indexColumnUsage>
<colUsage columnID="A9CEC38C-DC8A-6EFD-87BA-BDF1B3044ED7"/>
</indexColumnUsage>
</ind_PK_UK>
</indexes>
</Table>