<?xml version = '1.0' encoding = 'UTF-8'?>
<Table class="oracle.dbtools.crest.model.design.relational.Table" directorySegmentName="seg_0" id="EB1E6315-9CB2-925C-F134-544B1382B216" name="T_SERV_UNICO">
<createdBy>Caio Bianchi</createdBy>
<createdTime>2024-05-22 13:21:01 UTC</createdTime>
<generatorID>1501ACD2-B8A8-BED0-14FA-E7D1E734F51A</generatorID>
<ownerDesignName>modelo_fase4-cap7</ownerDesignName>
<allowColumnReorder>false</allowColumnReorder>
<existDependencyGenerateInDDl>true</existDependencyGenerateInDDl>
<parsed>true</parsed>
<columns itemClass="oracle.dbtools.crest.model.design.relational.Column">
<Column name="id_serv_unico" id="6B37FB78-130C-0C37-C407-2EB9D525F228">
<createdBy>Caio Bianchi</createdBy>
<createdTime>2024-05-22 13:21:01 UTC</createdTime>
<generatorID>020A7696-0961-29C6-7FF5-66F9190611B7</generatorID>
<ownerDesignName>modelo_fase4-cap7</ownerDesignName>
<useDomainConstraints>false</useDomainConstraints>
<use>1</use>
<logicalDatatype>LOGDT019</logicalDatatype>
<dataTypePrecision>8</dataTypePrecision>
<ownDataTypeParameters>,8,</ownDataTypeParameters>
<autoIncrementCycle>false</autoIncrementCycle>
</Column>
<Column name="id_usuario" id="6BBBBBA3-D4CB-7DF4-FA7D-190DD3544295">
<createdBy>Caio Bianchi</createdBy>
<createdTime>2024-05-22 13:21:01 UTC</createdTime>
<generatorID>E37C88AF-BCAF-234D-24BF-D45CF6F5B450</generatorID>
<ownerDesignName>modelo_fase4-cap7</ownerDesignName>
<useDomainConstraints>false</useDomainConstraints>
<use>1</use>
<logicalDatatype>LOGDT019</logicalDatatype>
<dataTypePrecision>8</dataTypePrecision>
<ownDataTypeParameters>,,</ownDataTypeParameters>
<previousColumn>false</previousColumn>
<autoIncrementCycle>false</autoIncrementCycle>
<associations>
<colAssociation fkAssociation="9173A3FD-7652-4A5F-2C0B-E35E0E0A1C45" referredColumn="7C50D272-4C7B-33C9-83E1-B26D9FBD2ABE"/>
</associations>
</Column>
<Column name="id_conta_bancaria" id="17D9C1C3-741F-DD06-5686-73DCE5F45182">
<createdBy>Caio Bianchi</createdBy>
<createdTime>2024-05-22 13:21:01 UTC</createdTime>
<generatorID>DB833EF0-8A4A-7860-B49A-B8EF1DB3E670</generatorID>
<ownerDesignName>modelo_fase4-cap7</ownerDesignName>
<useDomainConstraints>false</useDomainConstraints>
<use>1</use>
<logicalDatatype>LOGDT024</logicalDatatype>
<dataTypeSize>8</dataTypeSize>
<ownDataTypeParameters>,,</ownDataTypeParameters>
<previousColumn>false</previousColumn>
<autoIncrementCycle>false</autoIncrementCycle>
<associations>
<colAssociation fkAssociation="770AD605-4C48-D984-D467-45086393CF78" referredColumn="18A7340C-DDCE-2136-7F71-89E7CD716816"/>
</associations>
</Column>
<Column name="nm_servico" id="AAE58FD8-C362-2915-9621-B7D168461DFA">
<createdBy>Caio Bianchi</createdBy>
<createdTime>2024-05-22 13:21:01 UTC</createdTime>
<generatorID>B93DFAA1-5692-02CA-8289-6693CA40A036</generatorID>
<ownerDesignName>modelo_fase4-cap7</ownerDesignName>
<useDomainConstraints>false</useDomainConstraints>
<use>1</use>
<logicalDatatype>LOGDT024</logicalDatatype>
<dataTypeSize>30</dataTypeSize>
<ownDataTypeParameters>30,,</ownDataTypeParameters>
<autoIncrementCycle>false</autoIncrementCycle>
</Column>
<Column name="desc_servico" id="370AC99C-920F-AEA4-9DE9-90D11AA92934">
<createdBy>Caio Bianchi</createdBy>
<createdTime>2024-05-22 13:21:01 UTC</createdTime>
<generatorID>CE06396F-063D-0132-E65C-1E287599CB89</generatorID>
<ownerDesignName>modelo_fase4-cap7</ownerDesignName>
<useDomainConstraints>false</useDomainConstraints>
<use>1</use>
<logicalDatatype>LOGDT024</logicalDatatype>
<dataTypeSize>150</dataTypeSize>
<ownDataTypeParameters>150,,</ownDataTypeParameters>
<autoIncrementCycle>false</autoIncrementCycle>
</Column>
<Column name="dt_registro_serv" id="813B4A19-67CD-64A9-AE27-E7069FCE430E">
<createdBy>Caio Bianchi</createdBy>
<createdTime>2024-05-22 13:21:01 UTC</createdTime>
<generatorID>180D1103-B83F-F997-631C-E027FBC33C42</generatorID>
<ownerDesignName>modelo_fase4-cap7</ownerDesignName>
<useDomainConstraints>false</useDomainConstraints>
<use>1</use>
<logicalDatatype>LOGDT007</logicalDatatype>
<ownDataTypeParameters>,,</ownDataTypeParameters>
<autoIncrementCycle>false</autoIncrementCycle>
</Column>
<Column name="dt_operacao" id="33C5BB3C-859F-C5D6-8139-94123FB48FB4">
<createdBy>Caio Bianchi</createdBy>
<createdTime>2024-05-22 13:21:01 UTC</createdTime>
<generatorID>73EAEA07-913C-03E6-5363-A6EC62416849</generatorID>
<ownerDesignName>modelo_fase4-cap7</ownerDesignName>
<useDomainConstraints>false</useDomainConstraints>
<use>1</use>
<logicalDatatype>LOGDT007</logicalDatatype>
<ownDataTypeParameters>,,</ownDataTypeParameters>
<autoIncrementCycle>false</autoIncrementCycle>
</Column>
<Column name="valor_operacao" id="213EA354-A9BA-0C8C-1F31-1AA3BDE84883">
<createdBy>Caio Bianchi</createdBy>
<createdTime>2024-05-22 13:21:01 UTC</createdTime>
<generatorID>904F297E-7C3C-7F45-0F55-18CDD664DA5B</generatorID>
<ownerDesignName>modelo_fase4-cap7</ownerDesignName>
<useDomainConstraints>false</useDomainConstraints>
<use>1</use>
<logicalDatatype>LOGDT021</logicalDatatype>
<dataTypePrecision>9</dataTypePrecision>
<dataTypeScale>2</dataTypeScale>
<ownDataTypeParameters>,9,2</ownDataTypeParameters>
<autoIncrementCycle>false</autoIncrementCycle>
</Column>
<Column name="a_pagar" id="7D82240F-334A-00B6-88F3-828C93ACADD8">
<createdBy>Caio Bianchi</createdBy>
<createdTime>2024-05-22 13:21:01 UTC</createdTime>
<generatorID>1CB4F1A8-BEAE-B385-508A-C5F5A630E65E</generatorID>
<ownerDesignName>modelo_fase4-cap7</ownerDesignName>
<useDomainConstraints>false</useDomainConstraints>
<use>1</use>
<logicalDatatype>LOGDT006</logicalDatatype>
<dataTypeSize>1</dataTypeSize>
<ownDataTypeParameters>1,,</ownDataTypeParameters>
<autoIncrementCycle>false</autoIncrementCycle>
</Column>
<Column name="a_receber" id="2CD3AFEE-539B-1F67-E773-71300728560E">
<createdBy>Caio Bianchi</createdBy>
<createdTime>2024-05-22 13:21:01 UTC</createdTime>
<generatorID>6B3D445C-079E-7995-1397-1F2FFBEDDCE2</generatorID>
<ownerDesignName>modelo_fase4-cap7</ownerDesignName>
<useDomainConstraints>false</useDomainConstraints>
<use>1</use>
<logicalDatatype>LOGDT006</logicalDatatype>
<dataTypeSize>1</dataTypeSize>
<ownDataTypeParameters>1,,</ownDataTypeParameters>
<autoIncrementCycle>false</autoIncrementCycle>
</Column>
</columns>
<indexes itemClass="oracle.dbtools.crest.model.design.relational.Index">
<ind_PK_UK id="31FCEA1E-680B-63F9-9B03-05FF8F16469B" name="PK_SERV_UNICO">
<createdBy>Caio Bianchi</createdBy>
<createdTime>2024-05-22 13:21:01 UTC</createdTime>
<generatorID>531DD883-3504-B23E-CD35-25D34C787E8C</generatorID>
<ownerDesignName>modelo_fase4-cap7</ownerDesignName>
<pk>true</pk>
<indexState>Primary Constraint</indexState>
<isSurrogateKey>false</isSurrogateKey>
<indexColumnUsage>
<colUsage columnID="6B37FB78-130C-0C37-C407-2EB9D525F228"/>
</indexColumnUsage>
</ind_PK_UK>
<ind_PK_UK id="851BED29-A865-D2DA-EA6D-D73BF0449CC7" name="ID_SERV_UNICO_CONTA">
<createdBy>Caio Bianchi</createdBy>
<createdTime>2024-05-22 13:21:01 UTC</createdTime>
<ownerDesignName>modelo_fase4-cap7</ownerDesignName>
<indexState>Unique Plain Index</indexState>
<isSurrogateKey>false</isSurrogateKey>
<relationGeneratorID>811B4AD5-D82A-B9E8-C0B1-29AEFA24C326</relationGeneratorID>
<indexColumnUsage>
<colUsage columnID="17D9C1C3-741F-DD06-5686-73DCE5F45182"/>
</indexColumnUsage>
</ind_PK_UK>
<ind_PK_UK id="F4B89BE2-3644-7895-7874-A1C793FFFC92" name="ID_SERV_UNICO_USUARIO">
<createdBy>Caio Bianchi</createdBy>
<createdTime>2024-05-22 13:21:01 UTC</createdTime>
<ownerDesignName>modelo_fase4-cap7</ownerDesignName>
<indexState>Unique Plain Index</indexState>
<isSurrogateKey>false</isSurrogateKey>
<relationGeneratorID>EA9361FE-FDCB-D8F0-1BF9-643CBB4B7FEE</relationGeneratorID>
<indexColumnUsage>
<colUsage columnID="6BBBBBA3-D4CB-7DF4-FA7D-190DD3544295"/>
</indexColumnUsage>
</ind_PK_UK>
<ind_PK_UK id="E1B704A5-C286-ED7D-4CC9-E04D202D591D" name="FK_SERV_UNICO_CONTA">
<createdBy>Caio Bianchi</createdBy>
<createdTime>2024-05-22 13:21:01 UTC</createdTime>
<generatorID>811B4AD5-D82A-B9E8-C0B1-29AEFA24C326</generatorID>
<ownerDesignName>modelo_fase4-cap7</ownerDesignName>
<indexState>Foreign Key</indexState>
<isSurrogateKey>false</isSurrogateKey>
<indexColumnUsage>
<colUsage columnID="17D9C1C3-741F-DD06-5686-73DCE5F45182"/>
</indexColumnUsage>
</ind_PK_UK>
<ind_PK_UK id="7675C900-307C-1153-8693-2C79D4EE4620" name="FK_SERV_UNICO_USUARIO">
<createdBy>Caio Bianchi</createdBy>
<createdTime>2024-05-22 13:21:01 UTC</createdTime>
<generatorID>EA9361FE-FDCB-D8F0-1BF9-643CBB4B7FEE</generatorID>
<ownerDesignName>modelo_fase4-cap7</ownerDesignName>
<indexState>Foreign Key</indexState>
<isSurrogateKey>false</isSurrogateKey>
<indexColumnUsage>
<colUsage columnID="6BBBBBA3-D4CB-7DF4-FA7D-190DD3544295"/>
</indexColumnUsage>
</ind_PK_UK>
</indexes>
</Table>