<?xml version = '1.0' encoding = 'UTF-8'?>
<Diagram class="oracle.dbtools.crest.swingui.logical.DPVLogical" name="Logical" id="11169C9C-193E-E8F1-00BB-03689608E278">
<createdBy>Caio Bianchi</createdBy>
<modifiedBy>Caio Bianchi</modifiedBy>
<createdTime>2024-05-20 13:40:22 UTC</createdTime>
<autoRoute>false</autoRoute>
<boxInbox>true</boxInbox>
<showLegend>false</showLegend>
<showLabels>false</showLabels>
<showRelAttributes>false</showRelAttributes>
<gridEnabled>false</gridEnabled>
<showGrid>false</showGrid>
<diagramColor>-1</diagramColor>
<display>false</display>
<notation>2</notation>
<showAllDetails>false</showAllDetails>
<showClassificationTypes>true</showClassificationTypes>
<showElements>true</showElements>
<objectViews>
<OView class="oracle.dbtools.crest.swingui.logical.TVEntity" oid="12B3919B-4771-D8CD-655C-9E3693BE3450" otype="Entity" vid="6ACB755C-0B71-A900-78A0-C36D3D5AAB32">
<hideElementsInCurrentOnly>false</hideElementsInCurrentOnly>
<bounds x="551" y="161" width="176" height="56"/>
<useDefaultColor>false</useDefaultColor>
<backgroundColor>-52</backgroundColor>
<foregroundColor>-3355648</foregroundColor>
</OView>
<OView class="oracle.dbtools.crest.swingui.logical.TVEntity" oid="1501ACD2-B8A8-BED0-14FA-E7D1E734F51A" otype="Entity" vid="FDF1BFE3-E3F8-105A-26FC-F98B6782EA22">
<hideElementsInCurrentOnly>false</hideElementsInCurrentOnly>
<bounds x="919" y="441" width="138" height="168"/>
<useDefaultColor>false</useDefaultColor>
<backgroundColor>-3342388</backgroundColor>
<foregroundColor>-10040320</foregroundColor>
</OView>
<OView class="oracle.dbtools.crest.swingui.logical.TVEntity" oid="17B60358-7495-1CE0-FF25-27506AEA763D" otype="Entity" vid="AEFE7819-3ADE-92E7-8527-E6721E17DE11">
<hideElementsInCurrentOnly>false</hideElementsInCurrentOnly>
<bounds x="361" y="549" width="120" height="111"/>
</OView>
<OView class="oracle.dbtools.crest.swingui.logical.TVEntity" oid="18AECE03-CACD-1393-6E54-3E48B1693894" otype="Entity" vid="9F0E0C29-AC0A-12D9-1CA7-6A3F6842826C">
<hideElementsInCurrentOnly>false</hideElementsInCurrentOnly>
<bounds x="892" y="158" width="152" height="127"/>
<useDefaultColor>false</useDefaultColor>
<backgroundColor>-52</backgroundColor>
<foregroundColor>-3355648</foregroundColor>
</OView>
<OView class="oracle.dbtools.crest.swingui.logical.TVEntity" oid="3D080359-AACB-EAB5-DD25-C9AECBE1510D" otype="Entity" vid="444D67B0-D5F5-D50D-3D2E-758212BA8901">
<hideElementsInCurrentOnly>false</hideElementsInCurrentOnly>
<bounds x="311" y="359" width="137" height="124"/>
<useDefaultColor>false</useDefaultColor>
<backgroundColor>-13108</backgroundColor>
<foregroundColor>-65536</foregroundColor>
</OView>
<OView class="oracle.dbtools.crest.swingui.logical.TVEntity" oid="BD39A164-8FD4-2E68-6BD7-415488BEA095" otype="Entity" vid="AC7A4B49-D0AE-256D-DA26-D461986A0538">
<hideElementsInCurrentOnly>false</hideElementsInCurrentOnly>
<bounds x="307" y="161" width="103" height="68"/>
<useDefaultColor>false</useDefaultColor>
<backgroundColor>-52</backgroundColor>
<foregroundColor>-3355648</foregroundColor>
</OView>
<OView class="oracle.dbtools.crest.swingui.logical.TVEntity" oid="BF11C2F8-EF41-954B-89F9-191C57280CCC" otype="Entity" vid="CD53CB6B-F394-5CE5-A25E-945E539DF5E1">
<hideElementsInCurrentOnly>false</hideElementsInCurrentOnly>
<bounds x="871" y="627" width="135" height="123"/>
<useDefaultColor>false</useDefaultColor>
<backgroundColor>-10027009</backgroundColor>
<foregroundColor>-16737895</foregroundColor>
</OView>
<OView class="oracle.dbtools.crest.swingui.logical.TVEntity" oid="D6FBE262-6577-8D8A-BD39-3E982C2C353D" otype="Entity" vid="FF4980B9-23E4-4CE7-8220-8AF4DA4DA619">
<hideElementsInCurrentOnly>false</hideElementsInCurrentOnly>
<bounds x="575" y="543" width="126" height="122"/>
</OView>
<OView class="oracle.dbtools.crest.swingui.logical.TVEntity" oid="E7B2BD99-50BD-A684-74E5-F73F9C355434" otype="Entity" vid="A5B541C4-275F-61A3-EEC4-5E234313143E">
<hideElementsInCurrentOnly>false</hideElementsInCurrentOnly>
<bounds x="552" y="254" width="166" height="195"/>
<useDefaultColor>false</useDefaultColor>
<backgroundColor>-3342388</backgroundColor>
<foregroundColor>-10040320</foregroundColor>
</OView>
</objectViews>
<connectors>
<Connector class="oracle.dbtools.crest.swingui.logical.TVRelation" oid="0D8D004B-1ADB-D6C6-4C8B-6CC19E6806AC" otype="Relation" vid_source="FF4980B9-23E4-4CE7-8220-8AF4DA4DA619" vid_target="9F0E0C29-AC0A-12D9-1CA7-6A3F6842826C">
<hideElementsInCurrentOnly>false</hideElementsInCurrentOnly>
<backgroundColor>-16777216</backgroundColor>
<lineWidth>1</lineWidth>
<points>
<point x="701" y="543"/>
<point x="892" y="285"/>
</points>
</Connector>
<Connector class="oracle.dbtools.crest.swingui.logical.TVRelation" oid="159242AA-3E94-E491-F424-7A09A4B1657F" otype="Relation" vid_source="FF4980B9-23E4-4CE7-8220-8AF4DA4DA619" vid_target="AEFE7819-3ADE-92E7-8527-E6721E17DE11">
<hideElementsInCurrentOnly>false</hideElementsInCurrentOnly>
<backgroundColor>-16777216</backgroundColor>
<lineWidth>1</lineWidth>
<points>
<point x="575" y="604"/>
<point x="481" y="604"/>
</points>
</Connector>
<Connector class="oracle.dbtools.crest.swingui.logical.TVRelation" oid="2533879E-A9EF-91E7-37B7-8BD0454D84E2" otype="Relation" vid_source="9F0E0C29-AC0A-12D9-1CA7-6A3F6842826C" vid_target="6ACB755C-0B71-A900-78A0-C36D3D5AAB32">
<hideElementsInCurrentOnly>false</hideElementsInCurrentOnly>
<backgroundColor>-16777216</backgroundColor>
<lineWidth>1</lineWidth>
<points>
<point x="892" y="189"/>
<point x="727" y="189"/>
</points>
</Connector>
<Connector class="oracle.dbtools.crest.swingui.logical.TVRelation" oid="7601F347-3124-C97A-AE6F-60FDADC2E197" otype="Relation" vid_source="FF4980B9-23E4-4CE7-8220-8AF4DA4DA619" vid_target="A5B541C4-275F-61A3-EEC4-5E234313143E">
<hideElementsInCurrentOnly>false</hideElementsInCurrentOnly>
<backgroundColor>-16777216</backgroundColor>
<lineWidth>1</lineWidth>
<points>
<point x="638" y="543"/>
<point x="638" y="449"/>
</points>
</Connector>
<Connector class="oracle.dbtools.crest.swingui.logical.TVRelation" oid="811B4AD5-D82A-B9E8-C0B1-29AEFA24C326" otype="Relation" vid_source="9F0E0C29-AC0A-12D9-1CA7-6A3F6842826C" vid_target="FDF1BFE3-E3F8-105A-26FC-F98B6782EA22">
<hideElementsInCurrentOnly>false</hideElementsInCurrentOnly>
<backgroundColor>-16777216</backgroundColor>
<lineWidth>1</lineWidth>
<points>
<point x="981" y="285"/>
<point x="981" y="441"/>
</points>
</Connector>
<Connector class="oracle.dbtools.crest.swingui.logical.TVRelation" oid="B8146546-F7D0-7C1B-4167-8B01BF3FEEAC" otype="Relation" vid_source="9F0E0C29-AC0A-12D9-1CA7-6A3F6842826C" vid_target="A5B541C4-275F-61A3-EEC4-5E234313143E">
<hideElementsInCurrentOnly>false</hideElementsInCurrentOnly>
<backgroundColor>-16777216</backgroundColor>
<lineWidth>1</lineWidth>
<points>
<point x="892" y="269"/>
<point x="718" y="269"/>
</points>
</Connector>
<Connector class="oracle.dbtools.crest.swingui.logical.TVRelation" oid="C0EB2687-1B8F-2B8B-43CB-B0BD99CC50C3" otype="Relation" vid_source="FF4980B9-23E4-4CE7-8220-8AF4DA4DA619" vid_target="444D67B0-D5F5-D50D-3D2E-758212BA8901">
<hideElementsInCurrentOnly>false</hideElementsInCurrentOnly>
<backgroundColor>-16777216</backgroundColor>
<lineWidth>1</lineWidth>
<points>
<point x="575" y="543"/>
<point x="448" y="482"/>
</points>
</Connector>
<Connector class="oracle.dbtools.crest.swingui.logical.TVRelation" oid="E9D5C0C0-9D40-3D0B-D5AF-687C58C02756" otype="Relation" vid_source="AC7A4B49-D0AE-256D-DA26-D461986A0538" vid_target="6ACB755C-0B71-A900-78A0-C36D3D5AAB32">
<hideElementsInCurrentOnly>false</hideElementsInCurrentOnly>
<backgroundColor>-16777216</backgroundColor>
<lineWidth>1</lineWidth>
<points>
<point x="410" y="189"/>
<point x="551" y="189"/>
</points>
</Connector>
<Connector class="oracle.dbtools.crest.swingui.logical.TVRelation" oid="EA9361FE-FDCB-D8F0-1BF9-643CBB4B7FEE" otype="Relation" vid_source="FF4980B9-23E4-4CE7-8220-8AF4DA4DA619" vid_target="FDF1BFE3-E3F8-105A-26FC-F98B6782EA22">
<hideElementsInCurrentOnly>false</hideElementsInCurrentOnly>
<backgroundColor>-16777216</backgroundColor>
<lineWidth>1</lineWidth>
<points>
<point x="701" y="576"/>
<point x="919" y="576"/>
</points>
</Connector>
<Connector class="oracle.dbtools.crest.swingui.logical.TVRelation" oid="FE954E7A-D564-A27A-5155-819D9AFF125D" otype="Relation" vid_source="FF4980B9-23E4-4CE7-8220-8AF4DA4DA619" vid_target="CD53CB6B-F394-5CE5-A25E-945E539DF5E1">
<hideElementsInCurrentOnly>false</hideElementsInCurrentOnly>
<backgroundColor>-16777216</backgroundColor>
<lineWidth>1</lineWidth>
<points>
<point x="701" y="646"/>
<point x="871" y="646"/>
</points>
</Connector>
</connectors>
</Diagram>